{"name":"URI","version":"5.28","target":"URI::URL","pathname":"O/OA/OALDERS/URI-5.28.tar.gz","dist":"URI-5.28","provides":{"URI::icaps":{"file":"lib/URI/icaps.pm","version":"5.28"},"URI::rsync":{"version":"5.28","file":"lib/URI/rsync.pm"},"URI::news":{"file":"lib/URI/news.pm","version":"5.28"},"URI::file::Mac":{"version":"5.28","file":"lib/URI/file/Mac.pm"},"URI::snews":{"file":"lib/URI/snews.pm","version":"5.28"},"URI::file::Unix":{"file":"lib/URI/file/Unix.pm","version":"5.28"},"URI::nntps":{"version":"5.28","file":"lib/URI/nntps.pm"},"URI::ldap":{"version":"5.28","file":"lib/URI/ldap.pm"},"URI::sip":{"version":"5.28","file":"lib/URI/sip.pm"},"URI":{"version":"5.28","file":"lib/URI.pm"},"URI::file":{"version":"5.28","file":"lib/URI/file.pm"},"URI::rtsp":{"version":"5.28","file":"lib/URI/rtsp.pm"},"URI::ldaps":{"version":"5.28","file":"lib/URI/ldaps.pm"},"URI::URL":{"version":"5.28","file":"lib/URI/URL.pm"},"URI::WithBase":{"version":"5.28","file":"lib/URI/WithBase.pm"},"URI::data":{"version":"5.28","file":"lib/URI/data.pm"},"URI::nntp":{"file":"lib/URI/nntp.pm","version":"5.28"},"URI::mms":{"version":"5.28","file":"lib/URI/mms.pm"},"URI::icap":{"file":"lib/URI/icap.pm","version":"5.28"},"URI::file::Base":{"version":"5.28","file":"lib/URI/file/Base.pm"},"URI::file::FAT":{"version":"5.28","file":"lib/URI/file/FAT.pm"},"URI::gopher":{"version":"5.28","file":"lib/URI/gopher.pm"},"URI::file::Win32":{"version":"5.28","file":"lib/URI/file/Win32.pm"},"URI::urn::isbn":{"file":"lib/URI/urn/isbn.pm","version":"5.28"},"URI::IRI":{"file":"lib/URI/IRI.pm","version":"5.28"},"URI::rtspu":{"file":"lib/URI/rtspu.pm","version":"5.28"},"URI::Heuristic":{"version":"5.28","file":"lib/URI/Heuristic.pm"},"URI::telnet":{"version":"5.28","file":"lib/URI/telnet.pm"},"URI::mailto":{"version":"5.28","file":"lib/URI/mailto.pm"},"URI::https":{"version":"5.28","file":"lib/URI/https.pm"},"URI::pop":{"file":"lib/URI/pop.pm","version":"5.28"},"URI::rlogin":{"version":"5.28","file":"lib/URI/rlogin.pm"},"URI::http":{"version":"5.28","file":"lib/URI/http.pm"},"URI::ssh":{"file":"lib/URI/ssh.pm","version":"5.28"},"URI::file::OS2":{"version":"5.28","file":"lib/URI/file/OS2.pm"},"URI::Split":{"version":"5.28","file":"lib/URI/Split.pm"},"URI::ftp":{"version":"5.28","file":"lib/URI/ftp.pm"},"URI::sips":{"file":"lib/URI/sips.pm","version":"5.28"},"URI::tn3270":{"file":"lib/URI/tn3270.pm","version":"5.28"},"URI::urn":{"file":"lib/URI/urn.pm","version":"5.28"},"URI::geo":{"version":"5.28","file":"lib/URI/geo.pm"},"URI::urn::oid":{"file":"lib/URI/urn/oid.pm","version":"5.28"},"URI::file::QNX":{"file":"lib/URI/file/QNX.pm","version":"5.28"},"URI::ldapi":{"file":"lib/URI/ldapi.pm","version":"5.28"},"URI::QueryParam":{"version":"5.28","file":"lib/URI/QueryParam.pm"},"URI::Escape":{"version":"5.28","file":"lib/URI/Escape.pm"},"URI::sftp":{"file":"lib/URI/sftp.pm","version":"5.28"}}}