{
   "abstract" : "Data tables useful in parsing HTML",
   "author" : [
      "Andy Lester <andy@petdance.com>"
   ],
   "dynamic_config" : 0,
   "generated_by" : "ExtUtils::MakeMaker version 7.70, CPAN::Meta::Converter version 2.150010",
   "license" : [
      "artistic_2"
   ],
   "meta-spec" : {
      "url" : "http://search.cpan.org/perldoc?CPAN::Meta::Spec",
      "version" : 2
   },
   "name" : "HTML-Tagset",
   "no_index" : {
      "directory" : [
         "t",
         "inc"
      ]
   },
   "prereqs" : {
      "build" : {
         "requires" : {
            "ExtUtils::MakeMaker" : "6.46"
         }
      },
      "configure" : {
         "requires" : {
            "ExtUtils::MakeMaker" : "6.46"
         }
      },
      "runtime" : {
         "requires" : {
            "perl" : "5.010001"
         }
      },
      "test" : {
         "requires" : {
            "Test::More" : "0.95"
         }
      }
   },
   "release_status" : "stable",
   "resources" : {
      "bugtracker" : {
         "web" : "https://github.com/petdance/html-tagset/issues"
      },
      "homepage" : "https://github.com/petdance/html-tagset",
      "license" : [
         "https://opensource.org/licenses/artistic-license-2.0"
      ],
      "repository" : {
         "url" : "https://github.com/petdance/html-tagset"
      }
   },
   "version" : "3.24",
   "x_serialization_backend" : "JSON::PP version 4.06"
}
