{
   "abstract" : "Dynamic prerequisites in meta files",
   "author" : [
      "Leon Timmermans <fawaka@gmail.com>"
   ],
   "dynamic_config" : 0,
   "generated_by" : "Dist::Zilla version 6.031, CPAN::Meta::Converter version 2.150010",
   "license" : [
      "perl_5"
   ],
   "meta-spec" : {
      "url" : "http://search.cpan.org/perldoc?CPAN::Meta::Spec",
      "version" : 2
   },
   "name" : "CPAN-Requirements-Dynamic",
   "prereqs" : {
      "build" : {
         "requires" : {
            "ExtUtils::MakeMaker" : "0"
         }
      },
      "configure" : {
         "requires" : {
            "ExtUtils::MakeMaker" : "0"
         }
      },
      "develop" : {
         "requires" : {
            "Pod::Coverage::TrustPod" : "0",
            "Test::More" : "0",
            "Test::Pod" : "1.41",
            "Test::Pod::Coverage" : "1.08"
         }
      },
      "runtime" : {
         "requires" : {
            "CPAN::Meta::Prereqs" : "0",
            "CPAN::Meta::Requirements::Range" : "0",
            "Carp" : "0",
            "ExtUtils::Config" : "0",
            "ExtUtils::HasCompiler" : "0",
            "IPC::Cmd" : "0",
            "Module::Metadata" : "0",
            "Parse::CPAN::Meta" : "0",
            "Perl::OSType" : "0",
            "perl" : "5.006",
            "strict" : "0",
            "warnings" : "0"
         }
      },
      "test" : {
         "requires" : {
            "Test::More" : "0"
         }
      }
   },
   "provides" : {
      "CPAN::Requirements::Dynamic" : {
         "file" : "lib/CPAN/Requirements/Dynamic.pm",
         "version" : "0.001"
      }
   },
   "release_status" : "stable",
   "resources" : {
      "bugtracker" : {
         "web" : "https://github.com/Leont/cpan-requirements-dynamic/issues"
      },
      "repository" : {
         "type" : "git",
         "url" : "git://github.com/Leont/cpan-requirements-dynamic.git",
         "web" : "https://github.com/Leont/cpan-requirements-dynamic"
      }
   },
   "version" : "0.001",
   "x_generated_by_perl" : "v5.38.0",
   "x_serialization_backend" : "JSON::PP version 4.06",
   "x_spdx_expression" : "Artistic-1.0-Perl OR GPL-1.0-or-later"
}
