{"version":"2.47","name":"XML::Parser","provides":{"XML::Parser::Style::Debug":{"file":"Parser/Style/Debug.pm"},"XML::Parser::Style::Tree":{"file":"Parser/Style/Tree.pm"},"XML::Parser::Style::Subs":{"file":"Parser/Style/Subs.pm"},"XML::Parser::Expat":{"version":"2.47","file":"Expat/Expat.pm"},"XML::Parser":{"file":"Parser.pm","version":"2.47"},"XML::Parser::Style::Objects":{"file":"Parser/Style/Objects.pm"},"XML::Parser::Style::Stream":{"file":"Parser/Style/Stream.pm"}},"target":"XML::Parser","pathname":"T/TO/TODDR/XML-Parser-2.47.tar.gz","dist":"XML-Parser-2.47"}