{
   "abstract" : "A perl module for parsing XML documents",
   "author" : [
      "Clark Cooper (coopercc@netheaven.com)"
   ],
   "dynamic_config" : 0,
   "generated_by" : "ExtUtils::MakeMaker version 7.64, CPAN::Meta::Converter version 2.150010",
   "license" : [
      "perl_5"
   ],
   "meta-spec" : {
      "url" : "http://search.cpan.org/perldoc?CPAN::Meta::Spec",
      "version" : 2
   },
   "name" : "XML-Parser",
   "no_index" : {
      "directory" : [
         "t",
         "inc"
      ]
   },
   "prereqs" : {
      "build" : {
         "requires" : {
            "ExtUtils::MakeMaker" : "0"
         }
      },
      "configure" : {
         "requires" : {
            "ExtUtils::MakeMaker" : "0"
         }
      },
      "runtime" : {
         "requires" : {
            "LWP::UserAgent" : "0",
            "perl" : "5.004050"
         }
      },
      "test" : {
         "requires" : {
            "Test::More" : "0",
            "warnings" : "0"
         }
      }
   },
   "release_status" : "stable",
   "resources" : {
      "bugtracker" : {
         "web" : "https://github.com/toddr/XML-Parser/issues"
      },
      "repository" : {
         "url" : "http://github.com/toddr/XML-Parser"
      }
   },
   "version" : "2.47",
   "x_serialization_backend" : "JSON::PP version 4.06"
}
