{
   "abstract" : "B::COW additional B helpers to check COW status",
   "author" : [
      "Nicolas R. <atoomic@cpan.org>"
   ],
   "dynamic_config" : 0,
   "generated_by" : "Dist::Zilla version 6.024, CPAN::Meta::Converter version 2.150010",
   "license" : [
      "perl_5"
   ],
   "meta-spec" : {
      "url" : "http://search.cpan.org/perldoc?CPAN::Meta::Spec",
      "version" : 2
   },
   "name" : "B-COW",
   "prereqs" : {
      "build" : {
         "requires" : {
            "ExtUtils::MakeMaker" : "0"
         }
      },
      "configure" : {
         "requires" : {
            "ExtUtils::MakeMaker" : "0"
         }
      },
      "develop" : {
         "requires" : {
            "File::Spec" : "0",
            "IO::Handle" : "0",
            "IPC::Open3" : "0",
            "Test::CPAN::Meta" : "0",
            "Test::MinimumVersion" : "0",
            "Test::More" : "0.88",
            "Test::NoTabs" : "0",
            "Test::Pod" : "1.41",
            "Test::Synopsis" : "0"
         }
      },
      "runtime" : {
         "requires" : {
            "perl" : "5.008"
         }
      },
      "test" : {
         "recommends" : {
            "CPAN::Meta" : "2.120900"
         },
         "requires" : {
            "Devel::Peek" : "0",
            "ExtUtils::MakeMaker" : "0",
            "File::Spec" : "0",
            "Test::More" : "0",
            "XSLoader" : "0"
         }
      }
   },
   "provides" : {
      "B::COW" : {
         "file" : "lib/B/COW.pm",
         "version" : "0.007"
      }
   },
   "release_status" : "stable",
   "resources" : {
      "bugtracker" : {
         "web" : "https://github.com/atoomic/B-COW/issues"
      },
      "repository" : {
         "type" : "git",
         "url" : "https://github.com/atoomic/B-COW.git",
         "web" : "https://github.com/atoomic/B-COW.git"
      }
   },
   "version" : "0.007",
   "x_Dist_Zilla" : {
      "perl" : {
         "version" : "5.032001"
      },
      "plugins" : [
         {
            "class" : "Dist::Zilla::Plugin::OurPkgVersion",
            "name" : "OurPkgVersion",
            "version" : "0.21"
         },
         {
            "class" : "Dist::Zilla::Plugin::Test::Compile",
            "config" : {
               "Dist::Zilla::Plugin::Test::Compile" : {
                  "bail_out_on_fail" : 0,
                  "fail_on_warning" : "author",
                  "fake_home" : 0,
                  "filename" : "xt/author/00-compile.t",
                  "module_finder" : [
                     ":InstallModules"
                  ],
                  "needs_display" : 0,
                  "phase" : "develop",
                  "script_finder" : [
                     ":PerlExecFiles"
                  ],
                  "skips" : [],
                  "switch" : []
               }
            },
            "name" : "Test::Compile",
            "version" : "2.058"
         },
         {
            "class" : "Dist::Zilla::Plugin::MetaTests",
            "name" : "MetaTests",
            "version" : "6.024"
         },
         {
            "class" : "Dist::Zilla::Plugin::Test::NoTabs",
            "config" : {
               "Dist::Zilla::Plugin::Test::NoTabs" : {
                  "filename" : "xt/author/no-tabs.t",
                  "finder" : [
                     ":InstallModules",
                     ":ExecFiles",
                     ":TestFiles"
                  ]
               }
            },
            "name" : "Test::NoTabs",
            "version" : "0.15"
         },
         {
            "class" : "Dist::Zilla::Plugin::PodSyntaxTests",
            "name" : "PodSyntaxTests",
            "version" : "6.024"
         },
         {
            "class" : "Dist::Zilla::Plugin::Test::ReportPrereqs",
            "name" : "Test::ReportPrereqs",
            "version" : "0.028"
         },
         {
            "class" : "Dist::Zilla::Plugin::PodWeaver",
            "config" : {
               "Dist::Zilla::Plugin::PodWeaver" : {
                  "finder" : [
                     ":InstallModules",
                     ":ExecFiles"
                  ],
                  "plugins" : [
                     {
                        "class" : "Pod::Weaver::Plugin::EnsurePod5",
                        "name" : "@CorePrep/EnsurePod5",
                        "version" : "4.018"
                     },
                     {
                        "class" : "Pod::Weaver::Plugin::H1Nester",
                        "name" : "@CorePrep/H1Nester",
                        "version" : "4.018"
                     },
                     {
                        "class" : "Pod::Weaver::Plugin::SingleEncoding",
                        "name" : "@Default/SingleEncoding",
                        "version" : "4.018"
                     },
                     {
                        "class" : "Pod::Weaver::Section::Name",
                        "name" : "@Default/Name",
                        "version" : "4.018"
                     },
                     {
                        "class" : "Pod::Weaver::Section::Version",
                        "name" : "@Default/Version",
                        "version" : "4.018"
                     },
                     {
                        "class" : "Pod::Weaver::Section::Region",
                        "name" : "@Default/prelude",
                        "version" : "4.018"
                     },
                     {
                        "class" : "Pod::Weaver::Section::Generic",
                        "name" : "SYNOPSIS",
                        "version" : "4.018"
                     },
                     {
                        "class" : "Pod::Weaver::Section::Generic",
                        "name" : "DESCRIPTION",
                        "version" : "4.018"
                     },
                     {
                        "class" : "Pod::Weaver::Section::Generic",
                        "name" : "OVERVIEW",
                        "version" : "4.018"
                     },
                     {
                        "class" : "Pod::Weaver::Section::Collect",
                        "name" : "ATTRIBUTES",
                        "version" : "4.018"
                     },
                     {
                        "class" : "Pod::Weaver::Section::Collect",
                        "name" : "METHODS",
                        "version" : "4.018"
                     },
                     {
                        "class" : "Pod::Weaver::Section::Collect",
                        "name" : "FUNCTIONS",
                        "version" : "4.018"
                     },
                     {
                        "class" : "Pod::Weaver::Section::Leftovers",
                        "name" : "@Default/Leftovers",
                        "version" : "4.018"
                     },
                     {
                        "class" : "Pod::Weaver::Section::Region",
                        "name" : "@Default/postlude",
                        "version" : "4.018"
                     },
                     {
                        "class" : "Pod::Weaver::Section::Authors",
                        "name" : "@Default/Authors",
                        "version" : "4.018"
                     },
                     {
                        "class" : "Pod::Weaver::Section::Legal",
                        "name" : "@Default/Legal",
                        "version" : "4.018"
                     }
                  ]
               }
            },
            "name" : "PodWeaver",
            "version" : "4.009"
         },
         {
            "class" : "Dist::Zilla::Plugin::RunExtraTests",
            "config" : {
               "Dist::Zilla::Role::TestRunner" : {
                  "default_jobs" : 1
               }
            },
            "name" : "RunExtraTests",
            "version" : "0.029"
         },
         {
            "class" : "Dist::Zilla::Plugin::MetaJSON",
            "name" : "MetaJSON",
            "version" : "6.024"
         },
         {
            "class" : "Dist::Zilla::Plugin::MinimumPerlFast",
            "name" : "MinimumPerlFast",
            "version" : "0.004"
         },
         {
            "class" : "Dist::Zilla::Plugin::MetaConfig",
            "name" : "MetaConfig",
            "version" : "6.024"
         },
         {
            "class" : "Dist::Zilla::Plugin::MetaProvides::Package",
            "config" : {
               "Dist::Zilla::Plugin::MetaProvides::Package" : {
                  "finder_objects" : [
                     {
                        "class" : "Dist::Zilla::Plugin::FinderCode",
                        "name" : "MetaProvides::Package/AUTOVIV/:InstallModulesPM",
                        "version" : "6.024"
                     }
                  ],
                  "include_underscores" : 0
               },
               "Dist::Zilla::Role::MetaProvider::Provider" : {
                  "$Dist::Zilla::Role::MetaProvider::Provider::VERSION" : "2.002004",
                  "inherit_missing" : 1,
                  "inherit_version" : 1,
                  "meta_noindex" : 1
               },
               "Dist::Zilla::Role::ModuleMetadata" : {
                  "Module::Metadata" : "1.000037",
                  "version" : "0.006"
               }
            },
            "name" : "MetaProvides::Package",
            "version" : "2.004003"
         },
         {
            "class" : "Dist::Zilla::Plugin::NextRelease",
            "name" : "NextRelease",
            "version" : "6.024"
         },
         {
            "class" : "Dist::Zilla::Plugin::Git::Push",
            "config" : {
               "Dist::Zilla::Plugin::Git::Push" : {
                  "push_to" : [
                     "gh",
                     "gh HEAD:refs/heads/released"
                  ],
                  "remotes_must_exist" : 1
               },
               "Dist::Zilla::Role::Git::Repo" : {
                  "git_version" : "2.32.1 (Apple Git-133)",
                  "repo_root" : "."
               }
            },
            "name" : "Git::Push",
            "version" : "2.048"
         },
         {
            "class" : "Dist::Zilla::Plugin::Prereqs",
            "config" : {
               "Dist::Zilla::Plugin::Prereqs" : {
                  "phase" : "test",
                  "type" : "requires"
               }
            },
            "name" : "TestRequires",
            "version" : "6.024"
         },
         {
            "class" : "Dist::Zilla::Plugin::TestRelease",
            "name" : "TestRelease",
            "version" : "6.024"
         },
         {
            "class" : "Dist::Zilla::Plugin::Test::MinimumVersion",
            "config" : {
               "Dist::Zilla::Plugin::Test::MinimumVersion" : {
                  "max_target_perl" : "5.008"
               }
            },
            "name" : "Test::MinimumVersion",
            "version" : "2.000010"
         },
         {
            "class" : "Dist::Zilla::Plugin::Git::Check",
            "config" : {
               "Dist::Zilla::Plugin::Git::Check" : {
                  "untracked_files" : "die"
               },
               "Dist::Zilla::Role::Git::DirtyFiles" : {
                  "allow_dirty" : [
                     "Changes",
                     "README.mkdn",
                     "dist.ini"
                  ],
                  "allow_dirty_match" : [],
                  "changelog" : "Changes"
               },
               "Dist::Zilla::Role::Git::Repo" : {
                  "git_version" : "2.32.1 (Apple Git-133)",
                  "repo_root" : "."
               }
            },
            "name" : "@Git/Check",
            "version" : "2.048"
         },
         {
            "class" : "Dist::Zilla::Plugin::Git::Commit",
            "config" : {
               "Dist::Zilla::Plugin::Git::Commit" : {
                  "add_files_in" : [
                     "Changes",
                     "README.mkdn",
                     "dist.ini"
                  ],
                  "commit_msg" : "v%V%n%n%c",
                  "signoff" : 0
               },
               "Dist::Zilla::Role::Git::DirtyFiles" : {
                  "allow_dirty" : [
                     "Changes",
                     "README.mkdn",
                     "dist.ini"
                  ],
                  "allow_dirty_match" : [],
                  "changelog" : "Changes"
               },
               "Dist::Zilla::Role::Git::Repo" : {
                  "git_version" : "2.32.1 (Apple Git-133)",
                  "repo_root" : "."
               },
               "Dist::Zilla::Role::Git::StringFormatter" : {
                  "time_zone" : "local"
               }
            },
            "name" : "@Git/Commit",
            "version" : "2.048"
         },
         {
            "class" : "Dist::Zilla::Plugin::Git::Tag",
            "config" : {
               "Dist::Zilla::Plugin::Git::Tag" : {
                  "branch" : null,
                  "changelog" : "Changes",
                  "signed" : 0,
                  "tag" : "v0.007",
                  "tag_format" : "v%V",
                  "tag_message" : "v%V"
               },
               "Dist::Zilla::Role::Git::Repo" : {
                  "git_version" : "2.32.1 (Apple Git-133)",
                  "repo_root" : "."
               },
               "Dist::Zilla::Role::Git::StringFormatter" : {
                  "time_zone" : "local"
               }
            },
            "name" : "@Git/Tag",
            "version" : "2.048"
         },
         {
            "class" : "Dist::Zilla::Plugin::Git::Push",
            "config" : {
               "Dist::Zilla::Plugin::Git::Push" : {
                  "push_to" : [
                     "gh",
                     "gh HEAD:refs/heads/released"
                  ],
                  "remotes_must_exist" : 1
               },
               "Dist::Zilla::Role::Git::Repo" : {
                  "git_version" : "2.32.1 (Apple Git-133)",
                  "repo_root" : "."
               }
            },
            "name" : "@Git/Push",
            "version" : "2.048"
         },
         {
            "class" : "Dist::Zilla::Plugin::Run::BeforeBuild",
            "config" : {
               "Dist::Zilla::Plugin::Run::Role::Runner" : {
                  "fatal_errors" : 1,
                  "quiet" : 0,
                  "version" : "0.048"
               }
            },
            "name" : "Run::BeforeBuild",
            "version" : "0.048"
         },
         {
            "class" : "Dist::Zilla::Plugin::Run::AfterBuild",
            "config" : {
               "Dist::Zilla::Plugin::Run::Role::Runner" : {
                  "fatal_errors" : 1,
                  "quiet" : 0,
                  "run" : [
                     "cp %d/Makefile.PL ./",
                     "git status --porcelain | grep 'M Makefile.PL' && git commit -m 'Makefile.PL auto-updated by dist.ini' Makefile.PL && echo \"# Makefile.PL auto-update\" || echo \"# Makefile.PL up to date\""
                  ],
                  "version" : "0.048"
               }
            },
            "name" : "Run::AfterBuild",
            "version" : "0.048"
         },
         {
            "class" : "Dist::Zilla::Plugin::Git::NextVersion",
            "config" : {
               "Dist::Zilla::Plugin::Git::NextVersion" : {
                  "first_version" : "0.001",
                  "version_by_branch" : 0,
                  "version_regexp" : "(?^:^v(.+)$)"
               },
               "Dist::Zilla::Role::Git::Repo" : {
                  "git_version" : "2.32.1 (Apple Git-133)",
                  "repo_root" : "."
               }
            },
            "name" : "Git::NextVersion",
            "version" : "2.048"
         },
         {
            "class" : "Dist::Zilla::Plugin::PruneCruft",
            "name" : "@Filter/PruneCruft",
            "version" : "6.024"
         },
         {
            "class" : "Dist::Zilla::Plugin::ManifestSkip",
            "name" : "@Filter/ManifestSkip",
            "version" : "6.024"
         },
         {
            "class" : "Dist::Zilla::Plugin::MetaYAML",
            "name" : "@Filter/MetaYAML",
            "version" : "6.024"
         },
         {
            "class" : "Dist::Zilla::Plugin::License",
            "name" : "@Filter/License",
            "version" : "6.024"
         },
         {
            "class" : "Dist::Zilla::Plugin::Readme",
            "name" : "@Filter/Readme",
            "version" : "6.024"
         },
         {
            "class" : "Dist::Zilla::Plugin::ExecDir",
            "name" : "@Filter/ExecDir",
            "version" : "6.024"
         },
         {
            "class" : "Dist::Zilla::Plugin::ShareDir",
            "name" : "@Filter/ShareDir",
            "version" : "6.024"
         },
         {
            "class" : "Dist::Zilla::Plugin::MakeMaker",
            "config" : {
               "Dist::Zilla::Role::TestRunner" : {
                  "default_jobs" : 1
               }
            },
            "name" : "@Filter/MakeMaker",
            "version" : "6.024"
         },
         {
            "class" : "Dist::Zilla::Plugin::Manifest",
            "name" : "@Filter/Manifest",
            "version" : "6.024"
         },
         {
            "class" : "Dist::Zilla::Plugin::TestRelease",
            "name" : "@Filter/TestRelease",
            "version" : "6.024"
         },
         {
            "class" : "Dist::Zilla::Plugin::ConfirmRelease",
            "name" : "@Filter/ConfirmRelease",
            "version" : "6.024"
         },
         {
            "class" : "Dist::Zilla::Plugin::UploadToCPAN",
            "name" : "@Filter/UploadToCPAN",
            "version" : "6.024"
         },
         {
            "class" : "Dist::Zilla::Plugin::GatherDir",
            "config" : {
               "Dist::Zilla::Plugin::GatherDir" : {
                  "exclude_filename" : [
                     "Makefile.PL"
                  ],
                  "exclude_match" : [],
                  "follow_symlinks" : 0,
                  "include_dotfiles" : 0,
                  "prefix" : "",
                  "prune_directory" : [],
                  "root" : "."
               }
            },
            "name" : "GatherDir",
            "version" : "6.024"
         },
         {
            "class" : "Dist::Zilla::Plugin::MetaResources",
            "name" : "MetaResources",
            "version" : "6.024"
         },
         {
            "class" : "Dist::Zilla::Plugin::PruneFiles",
            "name" : "PruneFiles",
            "version" : "6.024"
         },
         {
            "class" : "Dist::Zilla::Plugin::InsertExample",
            "name" : "InsertExample",
            "version" : "0.15"
         },
         {
            "class" : "Dist::Zilla::Plugin::Test::Synopsis",
            "name" : "Test::Synopsis",
            "version" : "2.000007"
         },
         {
            "class" : "Dist::Zilla::Plugin::ReadmeAnyFromPod",
            "config" : {
               "Dist::Zilla::Role::FileWatcher" : {
                  "version" : "0.006"
               }
            },
            "name" : "ReadmeAnyFromPod",
            "version" : "0.163250"
         },
         {
            "class" : "Dist::Zilla::Plugin::FinderCode",
            "name" : ":InstallModules",
            "version" : "6.024"
         },
         {
            "class" : "Dist::Zilla::Plugin::FinderCode",
            "name" : ":IncModules",
            "version" : "6.024"
         },
         {
            "class" : "Dist::Zilla::Plugin::FinderCode",
            "name" : ":TestFiles",
            "version" : "6.024"
         },
         {
            "class" : "Dist::Zilla::Plugin::FinderCode",
            "name" : ":ExtraTestFiles",
            "version" : "6.024"
         },
         {
            "class" : "Dist::Zilla::Plugin::FinderCode",
            "name" : ":ExecFiles",
            "version" : "6.024"
         },
         {
            "class" : "Dist::Zilla::Plugin::FinderCode",
            "name" : ":PerlExecFiles",
            "version" : "6.024"
         },
         {
            "class" : "Dist::Zilla::Plugin::FinderCode",
            "name" : ":ShareFiles",
            "version" : "6.024"
         },
         {
            "class" : "Dist::Zilla::Plugin::FinderCode",
            "name" : ":MainModule",
            "version" : "6.024"
         },
         {
            "class" : "Dist::Zilla::Plugin::FinderCode",
            "name" : ":AllFiles",
            "version" : "6.024"
         },
         {
            "class" : "Dist::Zilla::Plugin::FinderCode",
            "name" : ":NoFiles",
            "version" : "6.024"
         },
         {
            "class" : "Dist::Zilla::Plugin::FinderCode",
            "name" : "MetaProvides::Package/AUTOVIV/:InstallModulesPM",
            "version" : "6.024"
         }
      ],
      "zilla" : {
         "class" : "Dist::Zilla::Dist::Builder",
         "config" : {
            "is_trial" : 0
         },
         "version" : "6.024"
      }
   },
   "x_generated_by_perl" : "v5.32.1",
   "x_serialization_backend" : "JSON::PP version 4.06",
   "x_spdx_expression" : "Artistic-1.0-Perl OR GPL-1.0-or-later"
}
