{"dist":"TimeDate-2.33","pathname":"A/AT/ATOOMIC/TimeDate-2.33.tar.gz","target":"Time::Zone","provides":{"Date::Language::Greek":{"version":"1.00","file":"lib/Date/Language/Greek.pm"},"Date::Language::Afar":{"file":"lib/Date/Language/Afar.pm","version":"0.99"},"Date::Format::Generic":{"file":"lib/Date/Format.pm","version":"2.24"},"Date::Language::Turkish":{"version":"1.0","file":"lib/Date/Language/Turkish.pm"},"Date::Language::Russian_koi8r":{"file":"lib/Date/Language/Russian_koi8r.pm","version":"1.01"},"Date::Language::Norwegian":{"file":"lib/Date/Language/Norwegian.pm","version":"1.01"},"Date::Language::Finnish":{"version":"1.01","file":"lib/Date/Language/Finnish.pm"},"Date::Language::German":{"version":"1.02","file":"lib/Date/Language/German.pm"},"Date::Language::Austrian":{"version":"1.01","file":"lib/Date/Language/Austrian.pm"},"Date::Language::Italian":{"file":"lib/Date/Language/Italian.pm","version":"1.01"},"Time::Zone":{"file":"lib/Time/Zone.pm","version":"2.24"},"Date::Language::Bulgarian":{"file":"lib/Date/Language/Bulgarian.pm","version":"1.01"},"Date::Language::Icelandic":{"file":"lib/Date/Language/Icelandic.pm","version":"1.01"},"Date::Language::Romanian":{"version":"1.01","file":"lib/Date/Language/Romanian.pm"},"Date::Language::Dutch":{"file":"lib/Date/Language/Dutch.pm","version":"1.02"},"Date::Language::Hungarian":{"version":"1.01","file":"lib/Date/Language/Hungarian.pm"},"Date::Language::Somali":{"version":"0.99","file":"lib/Date/Language/Somali.pm"},"Date::Format":{"version":"2.24","file":"lib/Date/Format.pm"},"Date::Language::Brazilian":{"file":"lib/Date/Language/Brazilian.pm","version":"1.01"},"Date::Language":{"file":"lib/Date/Language.pm","version":"1.10"},"Date::Language::TigrinyaEthiopian":{"file":"lib/Date/Language/TigrinyaEthiopian.pm","version":"1.00"},"Date::Language::Gedeo":{"file":"lib/Date/Language/Gedeo.pm","version":"0.99"},"Date::Language::Swedish":{"version":"1.01","file":"lib/Date/Language/Swedish.pm"},"Date::Language::English":{"version":"1.01","file":"lib/Date/Language/English.pm"},"Date::Language::Sidama":{"file":"lib/Date/Language/Sidama.pm","version":"0.99"},"Date::Language::Chinese":{"version":"1.00","file":"lib/Date/Language/Chinese.pm"},"Date::Language::Danish":{"file":"lib/Date/Language/Danish.pm","version":"1.01"},"Date::Language::Spanish":{"file":"lib/Date/Language/Spanish.pm","version":"1.00"},"Date::Language::Russian":{"version":"1.01","file":"lib/Date/Language/Russian.pm"},"Date::Language::Tigrinya":{"file":"lib/Date/Language/Tigrinya.pm","version":"1.00"},"TimeDate":{"file":"lib/TimeDate.pm","version":"1.21"},"Date::Language::Occitan":{"file":"lib/Date/Language/Occitan.pm","version":"1.04"},"Date::Language::Amharic":{"version":"1.00","file":"lib/Date/Language/Amharic.pm"},"Date::Language::French":{"file":"lib/Date/Language/French.pm","version":"1.04"},"Date::Language::TigrinyaEritrean":{"file":"lib/Date/Language/TigrinyaEritrean.pm","version":"1.00"},"Date::Language::Oromo":{"version":"0.99","file":"lib/Date/Language/Oromo.pm"},"Date::Parse":{"file":"lib/Date/Parse.pm","version":"2.33"},"Date::Language::Russian_cp1251":{"file":"lib/Date/Language/Russian_cp1251.pm","version":"1.01"},"Date::Language::Czech":{"version":"1.01","file":"lib/Date/Language/Czech.pm"},"Date::Language::Chinese_GB":{"file":"lib/Date/Language/Chinese_GB.pm","version":"1.01"}},"name":"Date::Parse","version":"2.33"}