{"provides":{"File::Listing":{"file":"lib/File/Listing.pm","version":"6.16"},"File::Listing::vms":{"file":"lib/File/Listing.pm","version":"6.16"},"File::Listing::apache":{"version":"6.16","file":"lib/File/Listing.pm"},"File::Listing::netware":{"file":"lib/File/Listing.pm","version":"6.16"},"File::Listing::unix":{"file":"lib/File/Listing.pm","version":"6.16"},"File::Listing::dosftp":{"version":"6.16","file":"lib/File/Listing.pm"}},"pathname":"P/PL/PLICEASE/File-Listing-6.16.tar.gz","target":"File::Listing","dist":"File-Listing-6.16","version":"6.16","name":"File::Listing"}