{
   "abstract" : "Minimal try/catch with proper preservation of $@",
   "author" : [
      "יובל קוג'מן (Yuval Kogman) <nothingmuch@woobling.org>",
      "Jesse Luehrs <doy@tozt.net>"
   ],
   "dynamic_config" : 0,
   "generated_by" : "Dist::Zilla version 6.024, CPAN::Meta::Converter version 2.150010",
   "license" : [
      "mit"
   ],
   "meta-spec" : {
      "url" : "http://search.cpan.org/perldoc?CPAN::Meta::Spec",
      "version" : 2
   },
   "name" : "Try-Tiny",
   "no_index" : {
      "directory" : [
         "t",
         "xt"
      ]
   },
   "prereqs" : {
      "build" : {
         "requires" : {
            "ExtUtils::MakeMaker" : "0"
         }
      },
      "configure" : {
         "requires" : {
            "ExtUtils::MakeMaker" : "0"
         },
         "suggests" : {
            "JSON::PP" : "2.27300"
         }
      },
      "develop" : {
         "recommends" : {
            "Dist::Zilla::PluginBundle::Author::ETHER" : "0.161",
            "Dist::Zilla::PluginBundle::Git::VersionManager" : "0.007"
         },
         "requires" : {
            "Capture::Tiny" : "0.12",
            "Encode" : "0",
            "File::Spec" : "0",
            "IO::Handle" : "0",
            "IPC::Open3" : "0",
            "Pod::Coverage::TrustPod" : "0",
            "Pod::Wordlist" : "0",
            "Sub::Name" : "0.08",
            "Sub::Util" : "0",
            "Test::CPAN::Changes" : "0.19",
            "Test::CPAN::Meta" : "0",
            "Test::EOL" : "0",
            "Test::Kwalitee" : "1.21",
            "Test::MinimumVersion" : "0",
            "Test::Mojibake" : "0",
            "Test::More" : "0.96",
            "Test::NoTabs" : "0",
            "Test::Pod" : "1.41",
            "Test::Pod::Coverage" : "1.08",
            "Test::Pod::No404s" : "0",
            "Test::Portability::Files" : "0",
            "Test::Spelling" : "0.12"
         }
      },
      "runtime" : {
         "requires" : {
            "Carp" : "0",
            "Exporter" : "5.57",
            "constant" : "0",
            "perl" : "5.006",
            "strict" : "0",
            "warnings" : "0"
         },
         "suggests" : {
            "Sub::Name" : "0.08",
            "Sub::Util" : "0"
         }
      },
      "test" : {
         "recommends" : {
            "CPAN::Meta" : "2.120900"
         },
         "requires" : {
            "ExtUtils::MakeMaker" : "0",
            "File::Spec" : "0",
            "Test::More" : "0",
            "if" : "0"
         },
         "suggests" : {
            "CPAN::Meta::Check" : "0.011",
            "CPAN::Meta::Requirements" : "0",
            "Capture::Tiny" : "0.12"
         }
      },
      "x_Dist_Zilla" : {
         "requires" : {
            "Dist::Zilla" : "5",
            "Dist::Zilla::Plugin::Authority" : "1.009",
            "Dist::Zilla::Plugin::AutoMetaResources" : "0",
            "Dist::Zilla::Plugin::AutoPrereqs" : "5.038",
            "Dist::Zilla::Plugin::Breaks" : "0",
            "Dist::Zilla::Plugin::BumpVersionAfterRelease::Transitional" : "0.004",
            "Dist::Zilla::Plugin::CheckIssues" : "0",
            "Dist::Zilla::Plugin::CheckMetaResources" : "0",
            "Dist::Zilla::Plugin::CheckPrereqsIndexed" : "0.019",
            "Dist::Zilla::Plugin::CheckSelfDependency" : "0",
            "Dist::Zilla::Plugin::CheckStrictVersion" : "0",
            "Dist::Zilla::Plugin::ConfirmRelease" : "0",
            "Dist::Zilla::Plugin::CopyFilesFromRelease" : "0",
            "Dist::Zilla::Plugin::EnsureLatestPerl" : "0",
            "Dist::Zilla::Plugin::FileFinder::ByName" : "0",
            "Dist::Zilla::Plugin::FileFinder::Filter" : "0",
            "Dist::Zilla::Plugin::GenerateFile::FromShareDir" : "0",
            "Dist::Zilla::Plugin::Git::Check" : "0",
            "Dist::Zilla::Plugin::Git::CheckFor::CorrectBranch" : "0.004",
            "Dist::Zilla::Plugin::Git::CheckFor::MergeConflicts" : "0",
            "Dist::Zilla::Plugin::Git::Commit" : "2.020",
            "Dist::Zilla::Plugin::Git::Contributors" : "0.029",
            "Dist::Zilla::Plugin::Git::Describe" : "0.004",
            "Dist::Zilla::Plugin::Git::GatherDir" : "2.016",
            "Dist::Zilla::Plugin::Git::Push" : "0",
            "Dist::Zilla::Plugin::Git::Remote::Check" : "0",
            "Dist::Zilla::Plugin::Git::Tag" : "0",
            "Dist::Zilla::Plugin::GitHub::Update" : "0.40",
            "Dist::Zilla::Plugin::GithubMeta" : "0.54",
            "Dist::Zilla::Plugin::InstallGuide" : "1.200005",
            "Dist::Zilla::Plugin::Keywords" : "0.004",
            "Dist::Zilla::Plugin::License" : "5.038",
            "Dist::Zilla::Plugin::MakeMaker" : "0",
            "Dist::Zilla::Plugin::Manifest" : "0",
            "Dist::Zilla::Plugin::MetaConfig" : "0",
            "Dist::Zilla::Plugin::MetaJSON" : "0",
            "Dist::Zilla::Plugin::MetaNoIndex" : "0",
            "Dist::Zilla::Plugin::MetaProvides::Package" : "1.15000002",
            "Dist::Zilla::Plugin::MetaTests" : "0",
            "Dist::Zilla::Plugin::MetaYAML" : "0",
            "Dist::Zilla::Plugin::MinimumPerl" : "1.006",
            "Dist::Zilla::Plugin::MojibakeTests" : "0.8",
            "Dist::Zilla::Plugin::NextRelease" : "5.033",
            "Dist::Zilla::Plugin::OnlyCorePrereqs" : "0",
            "Dist::Zilla::Plugin::PodCoverageTests" : "5.040",
            "Dist::Zilla::Plugin::PodSyntaxTests" : "5.040",
            "Dist::Zilla::Plugin::PodWeaver" : "4.008",
            "Dist::Zilla::Plugin::Prereqs" : "0",
            "Dist::Zilla::Plugin::Prereqs::AuthorDeps" : "0.006",
            "Dist::Zilla::Plugin::Prereqs::Soften" : "0",
            "Dist::Zilla::Plugin::PromptIfStale" : "0",
            "Dist::Zilla::Plugin::Readme" : "0",
            "Dist::Zilla::Plugin::ReadmeAnyFromPod" : "0.142180",
            "Dist::Zilla::Plugin::RewriteVersion::Transitional" : "0.006",
            "Dist::Zilla::Plugin::Run::AfterBuild" : "0.041",
            "Dist::Zilla::Plugin::Run::AfterRelease" : "0.038",
            "Dist::Zilla::Plugin::RunExtraTests" : "0.024",
            "Dist::Zilla::Plugin::StaticInstall" : "0.005",
            "Dist::Zilla::Plugin::Substitute" : "0",
            "Dist::Zilla::Plugin::Test::CPAN::Changes" : "0.012",
            "Dist::Zilla::Plugin::Test::ChangesHasContent" : "0",
            "Dist::Zilla::Plugin::Test::CheckBreaks" : "0.018",
            "Dist::Zilla::Plugin::Test::Compile" : "2.039",
            "Dist::Zilla::Plugin::Test::EOL" : "0.17",
            "Dist::Zilla::Plugin::Test::Kwalitee" : "2.10",
            "Dist::Zilla::Plugin::Test::MinimumVersion" : "2.000010",
            "Dist::Zilla::Plugin::Test::NoTabs" : "0.08",
            "Dist::Zilla::Plugin::Test::Pod::No404s" : "1.003",
            "Dist::Zilla::Plugin::Test::PodSpelling" : "2.006003",
            "Dist::Zilla::Plugin::Test::Portability" : "2.000007",
            "Dist::Zilla::Plugin::Test::ReportPrereqs" : "0.022",
            "Dist::Zilla::Plugin::TestRelease" : "0",
            "Dist::Zilla::Plugin::UploadToCPAN" : "0",
            "Dist::Zilla::Plugin::UseUnsafeInc" : "0",
            "Dist::Zilla::PluginBundle::Author::ETHER" : "0.136",
            "Dist::Zilla::PluginBundle::Git::VersionManager" : "0.007",
            "Software::License::MIT" : "0"
         }
      }
   },
   "provides" : {
      "Try::Tiny" : {
         "file" : "lib/Try/Tiny.pm",
         "version" : "0.31"
      }
   },
   "release_status" : "stable",
   "resources" : {
      "bugtracker" : {
         "mailto" : "bug-Try-Tiny@rt.cpan.org",
         "web" : "https://rt.cpan.org/Public/Dist/Display.html?Name=Try-Tiny"
      },
      "homepage" : "https://github.com/p5sagit/Try-Tiny",
      "repository" : {
         "type" : "git",
         "url" : "https://github.com/p5sagit/Try-Tiny.git",
         "web" : "https://github.com/p5sagit/Try-Tiny"
      }
   },
   "version" : "0.31",
   "x_Dist_Zilla" : {
      "perl" : {
         "version" : "5.035006"
      },
      "plugins" : [
         {
            "class" : "Dist::Zilla::Plugin::FileFinder::Filter",
            "name" : "all_files_but_using_5.10_features",
            "version" : "6.024"
         },
         {
            "class" : "Dist::Zilla::Plugin::Prereqs",
            "config" : {
               "Dist::Zilla::Plugin::Prereqs" : {
                  "phase" : "develop",
                  "type" : "recommends"
               }
            },
            "name" : "@Author::ETHER/pluginbundle version",
            "version" : "6.024"
         },
         {
            "class" : "Dist::Zilla::Plugin::PromptIfStale",
            "config" : {
               "Dist::Zilla::Plugin::PromptIfStale" : {
                  "check_all_plugins" : 0,
                  "check_all_prereqs" : 0,
                  "modules" : [
                     "Dist::Zilla::PluginBundle::Author::ETHER"
                  ],
                  "phase" : "build",
                  "run_under_travis" : 0,
                  "skip" : []
               }
            },
            "name" : "@Author::ETHER/stale modules, build",
            "version" : "0.057"
         },
         {
            "class" : "Dist::Zilla::Plugin::FileFinder::ByName",
            "name" : "@Author::ETHER/Examples",
            "version" : "6.024"
         },
         {
            "class" : "Dist::Zilla::Plugin::Git::GatherDir",
            "config" : {
               "Dist::Zilla::Plugin::GatherDir" : {
                  "exclude_filename" : [
                     "CONTRIBUTING",
                     "INSTALL",
                     "LICENCE",
                     "README.pod"
                  ],
                  "exclude_match" : [],
                  "follow_symlinks" : 0,
                  "include_dotfiles" : 0,
                  "prefix" : "",
                  "prune_directory" : [],
                  "root" : "."
               },
               "Dist::Zilla::Plugin::Git::GatherDir" : {
                  "include_untracked" : 0
               }
            },
            "name" : "@Author::ETHER/Git::GatherDir",
            "version" : "2.048"
         },
         {
            "class" : "Dist::Zilla::Plugin::MetaYAML",
            "name" : "@Author::ETHER/MetaYAML",
            "version" : "6.024"
         },
         {
            "class" : "Dist::Zilla::Plugin::MetaJSON",
            "name" : "@Author::ETHER/MetaJSON",
            "version" : "6.024"
         },
         {
            "class" : "Dist::Zilla::Plugin::Readme",
            "name" : "@Author::ETHER/Readme",
            "version" : "6.024"
         },
         {
            "class" : "Dist::Zilla::Plugin::Manifest",
            "name" : "@Author::ETHER/Manifest",
            "version" : "6.024"
         },
         {
            "class" : "Dist::Zilla::Plugin::License",
            "name" : "@Author::ETHER/License",
            "version" : "6.024"
         },
         {
            "class" : "Dist::Zilla::Plugin::GenerateFile::FromShareDir",
            "config" : {
               "Dist::Zilla::Plugin::GenerateFile::FromShareDir" : {
                  "destination_filename" : "CONTRIBUTING",
                  "dist" : "Dist-Zilla-PluginBundle-Author-ETHER",
                  "encoding" : "UTF-8",
                  "has_xs" : 0,
                  "location" : "build",
                  "source_filename" : "CONTRIBUTING"
               },
               "Dist::Zilla::Role::RepoFileInjector" : {
                  "allow_overwrite" : 1,
                  "repo_root" : ".",
                  "version" : "0.009"
               }
            },
            "name" : "@Author::ETHER/generate CONTRIBUTING",
            "version" : "0.015"
         },
         {
            "class" : "Dist::Zilla::Plugin::InstallGuide",
            "config" : {
               "Dist::Zilla::Role::ModuleMetadata" : {
                  "Module::Metadata" : "1.000037",
                  "version" : "0.006"
               }
            },
            "name" : "@Author::ETHER/InstallGuide",
            "version" : "1.200014"
         },
         {
            "class" : "Dist::Zilla::Plugin::Test::Compile",
            "config" : {
               "Dist::Zilla::Plugin::Test::Compile" : {
                  "bail_out_on_fail" : 1,
                  "fail_on_warning" : "author",
                  "fake_home" : 0,
                  "filename" : "xt/author/00-compile.t",
                  "module_finder" : [
                     ":InstallModules"
                  ],
                  "needs_display" : 0,
                  "phase" : "develop",
                  "script_finder" : [
                     ":PerlExecFiles",
                     "@Author::ETHER/Examples"
                  ],
                  "skips" : [],
                  "switch" : []
               }
            },
            "name" : "@Author::ETHER/Test::Compile",
            "version" : "2.058"
         },
         {
            "class" : "Dist::Zilla::Plugin::Test::NoTabs",
            "config" : {
               "Dist::Zilla::Plugin::Test::NoTabs" : {
                  "filename" : "xt/author/no-tabs.t",
                  "finder" : [
                     ":InstallModules",
                     ":ExecFiles",
                     "@Author::ETHER/Examples",
                     ":TestFiles",
                     ":ExtraTestFiles"
                  ]
               }
            },
            "name" : "@Author::ETHER/Test::NoTabs",
            "version" : "0.15"
         },
         {
            "class" : "Dist::Zilla::Plugin::Test::EOL",
            "config" : {
               "Dist::Zilla::Plugin::Test::EOL" : {
                  "filename" : "xt/author/eol.t",
                  "finder" : [
                     ":ExecFiles",
                     ":ExtraTestFiles",
                     ":InstallModules",
                     ":TestFiles",
                     "@Author::ETHER/Examples"
                  ],
                  "trailing_whitespace" : 1
               }
            },
            "name" : "@Author::ETHER/Test::EOL",
            "version" : "0.19"
         },
         {
            "class" : "Dist::Zilla::Plugin::MetaTests",
            "name" : "@Author::ETHER/MetaTests",
            "version" : "6.024"
         },
         {
            "class" : "Dist::Zilla::Plugin::Test::CPAN::Changes",
            "config" : {
               "Dist::Zilla::Plugin::Test::CPAN::Changes" : {
                  "changelog" : "Changes"
               }
            },
            "name" : "@Author::ETHER/Test::CPAN::Changes",
            "version" : "0.012"
         },
         {
            "class" : "Dist::Zilla::Plugin::Test::ChangesHasContent",
            "name" : "@Author::ETHER/Test::ChangesHasContent",
            "version" : "0.011"
         },
         {
            "class" : "Dist::Zilla::Plugin::Test::MinimumVersion",
            "config" : {
               "Dist::Zilla::Plugin::Test::MinimumVersion" : {
                  "max_target_perl" : "5.006"
               }
            },
            "name" : "@Author::ETHER/Test::MinimumVersion",
            "version" : "2.000010"
         },
         {
            "class" : "Dist::Zilla::Plugin::PodSyntaxTests",
            "name" : "@Author::ETHER/PodSyntaxTests",
            "version" : "6.024"
         },
         {
            "class" : "Dist::Zilla::Plugin::PodCoverageTests",
            "name" : "@Author::ETHER/PodCoverageTests",
            "version" : "6.024"
         },
         {
            "class" : "Dist::Zilla::Plugin::Test::PodSpelling",
            "config" : {
               "Dist::Zilla::Plugin::Test::PodSpelling" : {
                  "directories" : [
                     "examples",
                     "lib",
                     "script",
                     "t",
                     "xt"
                  ],
                  "spell_cmd" : "",
                  "stopwords" : [
                     "irc"
                  ],
                  "wordlist" : "Pod::Wordlist"
               }
            },
            "name" : "@Author::ETHER/Test::PodSpelling",
            "version" : "2.007005"
         },
         {
            "class" : "Dist::Zilla::Plugin::Test::Pod::No404s",
            "name" : "@Author::ETHER/Test::Pod::No404s",
            "version" : "1.004"
         },
         {
            "class" : "Dist::Zilla::Plugin::Test::Kwalitee",
            "config" : {
               "Dist::Zilla::Plugin::Test::Kwalitee" : {
                  "filename" : "xt/author/kwalitee.t",
                  "skiptest" : []
               }
            },
            "name" : "@Author::ETHER/Test::Kwalitee",
            "version" : "2.12"
         },
         {
            "class" : "Dist::Zilla::Plugin::MojibakeTests",
            "name" : "@Author::ETHER/MojibakeTests",
            "version" : "0.8"
         },
         {
            "class" : "Dist::Zilla::Plugin::Test::ReportPrereqs",
            "name" : "@Author::ETHER/Test::ReportPrereqs",
            "version" : "0.028"
         },
         {
            "class" : "Dist::Zilla::Plugin::Test::Portability",
            "config" : {
               "Dist::Zilla::Plugin::Test::Portability" : {
                  "options" : ""
               }
            },
            "name" : "@Author::ETHER/Test::Portability",
            "version" : "2.001000"
         },
         {
            "class" : "Dist::Zilla::Plugin::Git::Describe",
            "name" : "@Author::ETHER/Git::Describe",
            "version" : "0.007"
         },
         {
            "class" : "Dist::Zilla::Plugin::PodWeaver",
            "config" : {
               "Dist::Zilla::Plugin::PodWeaver" : {
                  "config_plugins" : [
                     "@Author::ETHER"
                  ],
                  "finder" : [
                     ":InstallModules",
                     ":ExecFiles"
                  ],
                  "plugins" : [
                     {
                        "class" : "Pod::Weaver::Plugin::EnsurePod5",
                        "name" : "@Author::ETHER/EnsurePod5",
                        "version" : "4.018"
                     },
                     {
                        "class" : "Pod::Weaver::Plugin::H1Nester",
                        "name" : "@Author::ETHER/H1Nester",
                        "version" : "4.018"
                     },
                     {
                        "class" : "Pod::Weaver::Plugin::SingleEncoding",
                        "name" : "@Author::ETHER/SingleEncoding",
                        "version" : "4.018"
                     },
                     {
                        "class" : "Pod::Weaver::Plugin::Transformer",
                        "name" : "@Author::ETHER/List",
                        "version" : "4.018"
                     },
                     {
                        "class" : "Pod::Weaver::Plugin::Transformer",
                        "name" : "@Author::ETHER/Verbatim",
                        "version" : "4.018"
                     },
                     {
                        "class" : "Pod::Weaver::Section::Region",
                        "name" : "@Author::ETHER/header",
                        "version" : "4.018"
                     },
                     {
                        "class" : "Pod::Weaver::Section::Name",
                        "name" : "@Author::ETHER/Name",
                        "version" : "4.018"
                     },
                     {
                        "class" : "Pod::Weaver::Section::Version",
                        "name" : "@Author::ETHER/Version",
                        "version" : "4.018"
                     },
                     {
                        "class" : "Pod::Weaver::Section::Region",
                        "name" : "@Author::ETHER/prelude",
                        "version" : "4.018"
                     },
                     {
                        "class" : "Pod::Weaver::Section::Generic",
                        "name" : "SYNOPSIS",
                        "version" : "4.018"
                     },
                     {
                        "class" : "Pod::Weaver::Section::Generic",
                        "name" : "DESCRIPTION",
                        "version" : "4.018"
                     },
                     {
                        "class" : "Pod::Weaver::Section::Generic",
                        "name" : "OVERVIEW",
                        "version" : "4.018"
                     },
                     {
                        "class" : "Pod::Weaver::Section::Collect",
                        "name" : "ATTRIBUTES",
                        "version" : "4.018"
                     },
                     {
                        "class" : "Pod::Weaver::Section::Collect",
                        "name" : "METHODS",
                        "version" : "4.018"
                     },
                     {
                        "class" : "Pod::Weaver::Section::Collect",
                        "name" : "FUNCTIONS",
                        "version" : "4.018"
                     },
                     {
                        "class" : "Pod::Weaver::Section::Collect",
                        "name" : "TYPES",
                        "version" : "4.018"
                     },
                     {
                        "class" : "Pod::Weaver::Section::Leftovers",
                        "name" : "@Author::ETHER/Leftovers",
                        "version" : "4.018"
                     },
                     {
                        "class" : "Pod::Weaver::Section::Region",
                        "name" : "@Author::ETHER/postlude",
                        "version" : "4.018"
                     },
                     {
                        "class" : "Pod::Weaver::Section::GenerateSection",
                        "name" : "@Author::ETHER/generate SUPPORT",
                        "version" : "4.018"
                     },
                     {
                        "class" : "Pod::Weaver::Section::AllowOverride",
                        "name" : "@Author::ETHER/allow override SUPPORT",
                        "version" : "0.05"
                     },
                     {
                        "class" : "Pod::Weaver::Section::Authors",
                        "name" : "@Author::ETHER/Authors",
                        "version" : "4.018"
                     },
                     {
                        "class" : "Pod::Weaver::Section::AllowOverride",
                        "name" : "@Author::ETHER/allow override AUTHOR",
                        "version" : "0.05"
                     },
                     {
                        "class" : "Pod::Weaver::Section::Contributors",
                        "name" : "@Author::ETHER/Contributors",
                        "version" : "0.009"
                     },
                     {
                        "class" : "Pod::Weaver::Section::Legal",
                        "name" : "@Author::ETHER/Legal",
                        "version" : "4.018"
                     },
                     {
                        "class" : "Pod::Weaver::Section::Region",
                        "name" : "@Author::ETHER/footer",
                        "version" : "4.018"
                     }
                  ]
               }
            },
            "name" : "@Author::ETHER/PodWeaver",
            "version" : "4.009"
         },
         {
            "class" : "Dist::Zilla::Plugin::GithubMeta",
            "name" : "@Author::ETHER/GithubMeta",
            "version" : "0.58"
         },
         {
            "class" : "Dist::Zilla::Plugin::AutoMetaResources",
            "name" : "@Author::ETHER/AutoMetaResources",
            "version" : "1.21"
         },
         {
            "class" : "Dist::Zilla::Plugin::Authority",
            "name" : "@Author::ETHER/Authority",
            "version" : "1.009"
         },
         {
            "class" : "Dist::Zilla::Plugin::MetaNoIndex",
            "name" : "@Author::ETHER/MetaNoIndex",
            "version" : "6.024"
         },
         {
            "class" : "Dist::Zilla::Plugin::MetaProvides::Package",
            "config" : {
               "Dist::Zilla::Plugin::MetaProvides::Package" : {
                  "finder" : [
                     ":InstallModules"
                  ],
                  "finder_objects" : [
                     {
                        "class" : "Dist::Zilla::Plugin::FinderCode",
                        "name" : ":InstallModules",
                        "version" : "6.024"
                     }
                  ],
                  "include_underscores" : 0
               },
               "Dist::Zilla::Role::MetaProvider::Provider" : {
                  "$Dist::Zilla::Role::MetaProvider::Provider::VERSION" : "2.002004",
                  "inherit_missing" : 0,
                  "inherit_version" : 0,
                  "meta_noindex" : 1
               },
               "Dist::Zilla::Role::ModuleMetadata" : {
                  "Module::Metadata" : "1.000037",
                  "version" : "0.006"
               }
            },
            "name" : "@Author::ETHER/MetaProvides::Package",
            "version" : "2.004003"
         },
         {
            "class" : "Dist::Zilla::Plugin::MetaConfig",
            "name" : "@Author::ETHER/MetaConfig",
            "version" : "6.024"
         },
         {
            "class" : "Dist::Zilla::Plugin::Keywords",
            "config" : {
               "Dist::Zilla::Plugin::Keywords" : {
                  "keywords" : []
               }
            },
            "name" : "@Author::ETHER/Keywords",
            "version" : "0.007"
         },
         {
            "class" : "Dist::Zilla::Plugin::UseUnsafeInc",
            "config" : {
               "Dist::Zilla::Plugin::UseUnsafeInc" : {
                  "dot_in_INC" : 0
               }
            },
            "name" : "@Author::ETHER/UseUnsafeInc",
            "version" : "0.001"
         },
         {
            "class" : "Dist::Zilla::Plugin::AutoPrereqs",
            "name" : "@Author::ETHER/AutoPrereqs",
            "version" : "6.024"
         },
         {
            "class" : "Dist::Zilla::Plugin::Prereqs::AuthorDeps",
            "name" : "@Author::ETHER/Prereqs::AuthorDeps",
            "version" : "0.007"
         },
         {
            "class" : "Dist::Zilla::Plugin::MinimumPerl",
            "name" : "@Author::ETHER/MinimumPerl",
            "version" : "1.006"
         },
         {
            "class" : "Dist::Zilla::Plugin::MakeMaker",
            "config" : {
               "Dist::Zilla::Role::TestRunner" : {
                  "default_jobs" : 9
               }
            },
            "name" : "@Author::ETHER/MakeMaker",
            "version" : "6.024"
         },
         {
            "class" : "Dist::Zilla::Plugin::Git::Contributors",
            "config" : {
               "Dist::Zilla::Plugin::Git::Contributors" : {
                  "git_version" : "2.31.1",
                  "include_authors" : 0,
                  "include_releaser" : 1,
                  "order_by" : "commits",
                  "paths" : []
               }
            },
            "name" : "@Author::ETHER/Git::Contributors",
            "version" : "0.036"
         },
         {
            "class" : "Dist::Zilla::Plugin::StaticInstall",
            "config" : {
               "Dist::Zilla::Plugin::StaticInstall" : {
                  "dry_run" : 1,
                  "mode" : "auto"
               }
            },
            "name" : "@Author::ETHER/StaticInstall",
            "version" : "0.012"
         },
         {
            "class" : "Dist::Zilla::Plugin::RunExtraTests",
            "config" : {
               "Dist::Zilla::Role::TestRunner" : {
                  "default_jobs" : 9
               }
            },
            "name" : "@Author::ETHER/RunExtraTests",
            "version" : "0.029"
         },
         {
            "class" : "Dist::Zilla::Plugin::CheckSelfDependency",
            "config" : {
               "Dist::Zilla::Plugin::CheckSelfDependency" : {
                  "finder" : [
                     ":InstallModules"
                  ]
               },
               "Dist::Zilla::Role::ModuleMetadata" : {
                  "Module::Metadata" : "1.000037",
                  "version" : "0.006"
               }
            },
            "name" : "@Author::ETHER/CheckSelfDependency",
            "version" : "0.011"
         },
         {
            "class" : "Dist::Zilla::Plugin::Run::AfterBuild",
            "config" : {
               "Dist::Zilla::Plugin::Run::Role::Runner" : {
                  "fatal_errors" : 1,
                  "quiet" : 1,
                  "run" : [
                     "bash -c \"test -e .ackrc && grep -q -- '--ignore-dir=.latest' .ackrc || echo '--ignore-dir=.latest' >> .ackrc; if [[ `dirname '%d'` != .build ]]; then test -e .ackrc && grep -q -- '--ignore-dir=%d' .ackrc || echo '--ignore-dir=%d' >> .ackrc; fi\""
                  ],
                  "version" : "0.048"
               }
            },
            "name" : "@Author::ETHER/.ackrc",
            "version" : "0.048"
         },
         {
            "class" : "Dist::Zilla::Plugin::Run::AfterBuild",
            "config" : {
               "Dist::Zilla::Plugin::Run::Role::Runner" : {
                  "eval" : [
                     "if ('%d' =~ /^%n-[.[:xdigit:]]+$/) { unlink '.latest'; symlink '%d', '.latest'; }"
                  ],
                  "fatal_errors" : 0,
                  "quiet" : 1,
                  "version" : "0.048"
               }
            },
            "name" : "@Author::ETHER/.latest",
            "version" : "0.048"
         },
         {
            "class" : "Dist::Zilla::Plugin::CheckStrictVersion",
            "name" : "@Author::ETHER/CheckStrictVersion",
            "version" : "0.001"
         },
         {
            "class" : "Dist::Zilla::Plugin::CheckMetaResources",
            "name" : "@Author::ETHER/CheckMetaResources",
            "version" : "0.001"
         },
         {
            "class" : "Dist::Zilla::Plugin::EnsureLatestPerl",
            "config" : {
               "Dist::Zilla::Plugin::EnsureLatestPerl" : {
                  "Module::CoreList" : "5.20211120"
               }
            },
            "name" : "@Author::ETHER/EnsureLatestPerl",
            "version" : "0.008"
         },
         {
            "class" : "Dist::Zilla::Plugin::PromptIfStale",
            "config" : {
               "Dist::Zilla::Plugin::PromptIfStale" : {
                  "check_all_plugins" : 1,
                  "check_all_prereqs" : 1,
                  "modules" : [],
                  "phase" : "release",
                  "run_under_travis" : 0,
                  "skip" : []
               }
            },
            "name" : "@Author::ETHER/stale modules, release",
            "version" : "0.057"
         },
         {
            "class" : "Dist::Zilla::Plugin::Git::Check",
            "config" : {
               "Dist::Zilla::Plugin::Git::Check" : {
                  "untracked_files" : "die"
               },
               "Dist::Zilla::Role::Git::DirtyFiles" : {
                  "allow_dirty" : [],
                  "allow_dirty_match" : [],
                  "changelog" : "Changes"
               },
               "Dist::Zilla::Role::Git::Repo" : {
                  "git_version" : "2.31.1",
                  "repo_root" : "."
               }
            },
            "name" : "@Author::ETHER/initial check",
            "version" : "2.048"
         },
         {
            "class" : "Dist::Zilla::Plugin::Git::CheckFor::MergeConflicts",
            "config" : {
               "Dist::Zilla::Role::Git::Repo" : {
                  "git_version" : "2.31.1",
                  "repo_root" : "."
               }
            },
            "name" : "@Author::ETHER/Git::CheckFor::MergeConflicts",
            "version" : "0.014"
         },
         {
            "class" : "Dist::Zilla::Plugin::Git::CheckFor::CorrectBranch",
            "config" : {
               "Dist::Zilla::Role::Git::Repo" : {
                  "git_version" : "2.31.1",
                  "repo_root" : "."
               }
            },
            "name" : "@Author::ETHER/Git::CheckFor::CorrectBranch",
            "version" : "0.014"
         },
         {
            "class" : "Dist::Zilla::Plugin::Git::Remote::Check",
            "name" : "@Author::ETHER/Git::Remote::Check",
            "version" : "0.1.2"
         },
         {
            "class" : "Dist::Zilla::Plugin::CheckPrereqsIndexed",
            "name" : "@Author::ETHER/CheckPrereqsIndexed",
            "version" : "0.021"
         },
         {
            "class" : "Dist::Zilla::Plugin::TestRelease",
            "name" : "@Author::ETHER/TestRelease",
            "version" : "6.024"
         },
         {
            "class" : "Dist::Zilla::Plugin::Git::Check",
            "config" : {
               "Dist::Zilla::Plugin::Git::Check" : {
                  "untracked_files" : "die"
               },
               "Dist::Zilla::Role::Git::DirtyFiles" : {
                  "allow_dirty" : [],
                  "allow_dirty_match" : [],
                  "changelog" : "Changes"
               },
               "Dist::Zilla::Role::Git::Repo" : {
                  "git_version" : "2.31.1",
                  "repo_root" : "."
               }
            },
            "name" : "@Author::ETHER/after tests",
            "version" : "2.048"
         },
         {
            "class" : "Dist::Zilla::Plugin::CheckIssues",
            "name" : "@Author::ETHER/CheckIssues",
            "version" : "0.011"
         },
         {
            "class" : "Dist::Zilla::Plugin::UploadToCPAN",
            "name" : "@Author::ETHER/UploadToCPAN",
            "version" : "6.024"
         },
         {
            "class" : "Dist::Zilla::Plugin::CopyFilesFromRelease",
            "config" : {
               "Dist::Zilla::Plugin::CopyFilesFromRelease" : {
                  "filename" : [
                     "CONTRIBUTING",
                     "INSTALL",
                     "LICENCE",
                     "LICENSE",
                     "ppport.h"
                  ],
                  "match" : []
               }
            },
            "name" : "@Author::ETHER/copy generated files",
            "version" : "0.007"
         },
         {
            "class" : "Dist::Zilla::Plugin::ReadmeAnyFromPod",
            "config" : {
               "Dist::Zilla::Role::FileWatcher" : {
                  "version" : "0.006"
               }
            },
            "name" : "@Author::ETHER/ReadmeAnyFromPod",
            "version" : "0.163250"
         },
         {
            "class" : "Dist::Zilla::Plugin::Prereqs",
            "config" : {
               "Dist::Zilla::Plugin::Prereqs" : {
                  "phase" : "develop",
                  "type" : "recommends"
               }
            },
            "name" : "@Author::ETHER/@Git::VersionManager/pluginbundle version",
            "version" : "6.024"
         },
         {
            "class" : "Dist::Zilla::Plugin::RewriteVersion::Transitional",
            "config" : {
               "Dist::Zilla::Plugin::RewriteVersion" : {
                  "add_tarball_name" : 0,
                  "finders" : [
                     ":ExecFiles",
                     ":InstallModules"
                  ],
                  "global" : 1,
                  "skip_version_provider" : 0
               },
               "Dist::Zilla::Plugin::RewriteVersion::Transitional" : {}
            },
            "name" : "@Author::ETHER/@Git::VersionManager/RewriteVersion::Transitional",
            "version" : "0.009"
         },
         {
            "class" : "Dist::Zilla::Plugin::MetaProvides::Update",
            "name" : "@Author::ETHER/@Git::VersionManager/MetaProvides::Update",
            "version" : "0.007"
         },
         {
            "class" : "Dist::Zilla::Plugin::CopyFilesFromRelease",
            "config" : {
               "Dist::Zilla::Plugin::CopyFilesFromRelease" : {
                  "filename" : [
                     "Changes"
                  ],
                  "match" : []
               }
            },
            "name" : "@Author::ETHER/@Git::VersionManager/CopyFilesFromRelease",
            "version" : "0.007"
         },
         {
            "class" : "Dist::Zilla::Plugin::Git::Commit",
            "config" : {
               "Dist::Zilla::Plugin::Git::Commit" : {
                  "add_files_in" : [
                     "."
                  ],
                  "commit_msg" : "%N-%v%t%n%n%c",
                  "signoff" : 0
               },
               "Dist::Zilla::Role::Git::DirtyFiles" : {
                  "allow_dirty" : [
                     "CONTRIBUTING",
                     "Changes",
                     "INSTALL",
                     "LICENCE",
                     "README.pod"
                  ],
                  "allow_dirty_match" : [],
                  "changelog" : "Changes"
               },
               "Dist::Zilla::Role::Git::Repo" : {
                  "git_version" : "2.31.1",
                  "repo_root" : "."
               },
               "Dist::Zilla::Role::Git::StringFormatter" : {
                  "time_zone" : "local"
               }
            },
            "name" : "@Author::ETHER/@Git::VersionManager/release snapshot",
            "version" : "2.048"
         },
         {
            "class" : "Dist::Zilla::Plugin::Git::Tag",
            "config" : {
               "Dist::Zilla::Plugin::Git::Tag" : {
                  "branch" : null,
                  "changelog" : "Changes",
                  "signed" : 0,
                  "tag" : "v0.31",
                  "tag_format" : "v%V",
                  "tag_message" : "v%v%t"
               },
               "Dist::Zilla::Role::Git::Repo" : {
                  "git_version" : "2.31.1",
                  "repo_root" : "."
               },
               "Dist::Zilla::Role::Git::StringFormatter" : {
                  "time_zone" : "local"
               }
            },
            "name" : "@Author::ETHER/@Git::VersionManager/Git::Tag",
            "version" : "2.048"
         },
         {
            "class" : "Dist::Zilla::Plugin::BumpVersionAfterRelease::Transitional",
            "config" : {
               "Dist::Zilla::Plugin::BumpVersionAfterRelease" : {
                  "finders" : [
                     ":InstallModules"
                  ],
                  "global" : 1,
                  "munge_makefile_pl" : 1
               },
               "Dist::Zilla::Plugin::BumpVersionAfterRelease::Transitional" : {}
            },
            "name" : "@Author::ETHER/@Git::VersionManager/BumpVersionAfterRelease::Transitional",
            "version" : "0.009"
         },
         {
            "class" : "Dist::Zilla::Plugin::NextRelease",
            "name" : "@Author::ETHER/@Git::VersionManager/NextRelease",
            "version" : "6.024"
         },
         {
            "class" : "Dist::Zilla::Plugin::Git::Commit",
            "config" : {
               "Dist::Zilla::Plugin::Git::Commit" : {
                  "add_files_in" : [],
                  "commit_msg" : "increment $VERSION after %v release",
                  "signoff" : 0
               },
               "Dist::Zilla::Role::Git::DirtyFiles" : {
                  "allow_dirty" : [
                     "Build.PL",
                     "Changes",
                     "Makefile.PL"
                  ],
                  "allow_dirty_match" : [
                     "(?^:^lib/.*\\.pm$)"
                  ],
                  "changelog" : "Changes"
               },
               "Dist::Zilla::Role::Git::Repo" : {
                  "git_version" : "2.31.1",
                  "repo_root" : "."
               },
               "Dist::Zilla::Role::Git::StringFormatter" : {
                  "time_zone" : "local"
               }
            },
            "name" : "@Author::ETHER/@Git::VersionManager/post-release commit",
            "version" : "2.048"
         },
         {
            "class" : "Dist::Zilla::Plugin::Prereqs",
            "config" : {
               "Dist::Zilla::Plugin::Prereqs" : {
                  "phase" : "x_Dist_Zilla",
                  "type" : "requires"
               }
            },
            "name" : "@Author::ETHER/@Git::VersionManager/prereqs for @Git::VersionManager",
            "version" : "6.024"
         },
         {
            "class" : "Dist::Zilla::Plugin::Git::Push",
            "config" : {
               "Dist::Zilla::Plugin::Git::Push" : {
                  "push_to" : [
                     "origin"
                  ],
                  "remotes_must_exist" : 1
               },
               "Dist::Zilla::Role::Git::Repo" : {
                  "git_version" : "2.31.1",
                  "repo_root" : "."
               }
            },
            "name" : "@Author::ETHER/Git::Push",
            "version" : "2.048"
         },
         {
            "class" : "Dist::Zilla::Plugin::GitHub::Update",
            "config" : {
               "Dist::Zilla::Plugin::GitHub::Update" : {
                  "metacpan" : 1
               }
            },
            "name" : "@Author::ETHER/GitHub::Update",
            "version" : "0.48"
         },
         {
            "class" : "Dist::Zilla::Plugin::Run::AfterRelease",
            "config" : {
               "Dist::Zilla::Plugin::Run::Role::Runner" : {
                  "fatal_errors" : 0,
                  "quiet" : 0,
                  "run" : [
                     "REDACTED"
                  ],
                  "version" : "0.048"
               }
            },
            "name" : "@Author::ETHER/install release",
            "version" : "0.048"
         },
         {
            "class" : "Dist::Zilla::Plugin::Run::AfterRelease",
            "config" : {
               "Dist::Zilla::Plugin::Run::Role::Runner" : {
                  "eval" : [
                     "print \"release complete!\\xa\""
                  ],
                  "fatal_errors" : 1,
                  "quiet" : 1,
                  "version" : "0.048"
               }
            },
            "name" : "@Author::ETHER/release complete",
            "version" : "0.048"
         },
         {
            "class" : "Dist::Zilla::Plugin::ConfirmRelease",
            "name" : "@Author::ETHER/ConfirmRelease",
            "version" : "6.024"
         },
         {
            "class" : "Dist::Zilla::Plugin::Prereqs",
            "config" : {
               "Dist::Zilla::Plugin::Prereqs" : {
                  "phase" : "x_Dist_Zilla",
                  "type" : "requires"
               }
            },
            "name" : "@Author::ETHER/prereqs for @Author::ETHER",
            "version" : "6.024"
         },
         {
            "class" : "Dist::Zilla::Plugin::Substitute",
            "name" : "Substitute",
            "version" : "0.006"
         },
         {
            "class" : "Dist::Zilla::Plugin::Prereqs::Soften",
            "config" : {
               "Dist::Zilla::Plugin::Prereqs::Soften" : {
                  "copy_to" : [
                     "develop.requires"
                  ],
                  "modules" : [
                     "Capture::Tiny",
                     "Sub::Name",
                     "Sub::Util"
                  ],
                  "modules_from_features" : null,
                  "to_relationship" : "suggests"
               }
            },
            "name" : "Prereqs::Soften",
            "version" : "0.006003"
         },
         {
            "class" : "Dist::Zilla::Plugin::OnlyCorePrereqs",
            "config" : {
               "Dist::Zilla::Plugin::OnlyCorePrereqs" : {
                  "also_disallow" : [],
                  "check_dual_life_versions" : "0",
                  "deprecated_ok" : 0,
                  "phases" : [
                     "configure",
                     "build",
                     "runtime",
                     "test"
                  ],
                  "skips" : [],
                  "starting_version" : "to be determined from perl prereq"
               }
            },
            "name" : "OnlyCorePrereqs",
            "version" : "0.024"
         },
         {
            "class" : "Dist::Zilla::Plugin::Breaks",
            "name" : "Breaks",
            "version" : "0.004"
         },
         {
            "class" : "Dist::Zilla::Plugin::Test::CheckBreaks",
            "config" : {
               "Dist::Zilla::Plugin::Test::CheckBreaks" : {
                  "conflicts_module" : [],
                  "no_forced_deps" : 1
               },
               "Dist::Zilla::Role::ModuleMetadata" : {
                  "Module::Metadata" : "1.000037",
                  "version" : "0.006"
               }
            },
            "name" : "Test::CheckBreaks",
            "version" : "0.019"
         },
         {
            "class" : "Dist::Zilla::Plugin::FinderCode",
            "name" : ":InstallModules",
            "version" : "6.024"
         },
         {
            "class" : "Dist::Zilla::Plugin::FinderCode",
            "name" : ":IncModules",
            "version" : "6.024"
         },
         {
            "class" : "Dist::Zilla::Plugin::FinderCode",
            "name" : ":TestFiles",
            "version" : "6.024"
         },
         {
            "class" : "Dist::Zilla::Plugin::FinderCode",
            "name" : ":ExtraTestFiles",
            "version" : "6.024"
         },
         {
            "class" : "Dist::Zilla::Plugin::FinderCode",
            "name" : ":ExecFiles",
            "version" : "6.024"
         },
         {
            "class" : "Dist::Zilla::Plugin::FinderCode",
            "name" : ":PerlExecFiles",
            "version" : "6.024"
         },
         {
            "class" : "Dist::Zilla::Plugin::FinderCode",
            "name" : ":ShareFiles",
            "version" : "6.024"
         },
         {
            "class" : "Dist::Zilla::Plugin::FinderCode",
            "name" : ":MainModule",
            "version" : "6.024"
         },
         {
            "class" : "Dist::Zilla::Plugin::FinderCode",
            "name" : ":AllFiles",
            "version" : "6.024"
         },
         {
            "class" : "Dist::Zilla::Plugin::FinderCode",
            "name" : ":NoFiles",
            "version" : "6.024"
         },
         {
            "class" : "Dist::Zilla::Plugin::VerifyPhases",
            "name" : "@Author::ETHER/PHASE VERIFICATION",
            "version" : "0.016"
         }
      ],
      "zilla" : {
         "class" : "Dist::Zilla::Dist::Builder",
         "config" : {
            "is_trial" : 0
         },
         "version" : "6.024"
      }
   },
   "x_authority" : "cpan:NUFFIN",
   "x_breaks" : {
      "Try::Tiny::Except" : "<= 0.01"
   },
   "x_contributors" : [
      "Karen Etheridge <ether@cpan.org>",
      "Peter Rabbitson <ribasushi@cpan.org>",
      "Ricardo Signes <rjbs@cpan.org>",
      "Mark Fowler <mark@twoshortplanks.com>",
      "Graham Knop <haarg@haarg.org>",
      "Aristotle Pagaltzis <pagaltzis@gmx.de>",
      "Dagfinn Ilmari Mannsåker <ilmari@ilmari.org>",
      "Lukas Mai <l.mai@web.de>",
      "Alex <alex@koban.(none)>",
      "anaxagoras <walkeraj@gmail.com>",
      "Andrew Yates <ayates@haddock.local>",
      "awalker <awalker@sourcefire.com>",
      "chromatic <chromatic@wgz.org>",
      "cm-perl <cm-perl@users.noreply.github.com>",
      "David Lowe <davidl@lokku.com>",
      "Glenn Fowler <cebjyre@cpan.org>",
      "Hans Dieter Pearcey <hdp@weftsoar.net>",
      "Jens Berthold <jens@jebecs.de>",
      "Jonathan Yu <JAWNSY@cpan.org>",
      "Marc Mims <marc@questright.com>",
      "Mark Stosberg <mark@stosberg.com>",
      "Pali <pali@cpan.org>",
      "Paul Howarth <paul@city-fan.org>",
      "Rudolf Leermakers <rudolf@hatsuseno.org>"
   ],
   "x_generated_by_perl" : "v5.35.6",
   "x_serialization_backend" : "JSON::PP version 4.06",
   "x_spdx_expression" : "MIT",
   "x_use_unsafe_inc" : 0
}
