{"provides":{"HTML::TokeParser":{"version":"3.82","file":"lib/HTML/TokeParser.pm"},"HTML::HeadParser":{"version":"3.82","file":"lib/HTML/HeadParser.pm"},"HTML::Filter":{"file":"lib/HTML/Filter.pm","x_deprecated":1,"version":"3.82"},"HTML::PullParser":{"version":"3.82","file":"lib/HTML/PullParser.pm"},"HTML::Entities":{"file":"lib/HTML/Entities.pm","version":"3.82"},"HTML::LinkExtor":{"version":"3.82","file":"lib/HTML/LinkExtor.pm"},"HTML::Parser":{"version":"3.82","file":"lib/HTML/Parser.pm"}},"dist":"HTML-Parser-3.82","pathname":"O/OA/OALDERS/HTML-Parser-3.82.tar.gz","target":"HTML::Entities","version":"3.82","name":"HTML::Parser"}