{
   "abstract" : "Determine the locale encoding",
   "author" : [
      "Gisle Aas <gisle@activestate.com>"
   ],
   "dynamic_config" : 0,
   "generated_by" : "ExtUtils::MakeMaker version 7.0401, CPAN::Meta::Converter version 2.150001, CPAN::Meta::Converter version 2.150010",
   "license" : [
      "perl_5"
   ],
   "meta-spec" : {
      "url" : "http://search.cpan.org/perldoc?CPAN::Meta::Spec",
      "version" : 2
   },
   "name" : "Encode-Locale",
   "no_index" : {
      "directory" : [
         "t",
         "inc"
      ]
   },
   "prereqs" : {
      "build" : {
         "requires" : {
            "ExtUtils::MakeMaker" : "0"
         }
      },
      "configure" : {
         "requires" : {
            "ExtUtils::MakeMaker" : "0"
         }
      },
      "runtime" : {
         "recommends" : {
            "I18N::Langinfo" : "0"
         },
         "requires" : {
            "Encode" : "2",
            "Encode::Alias" : "0",
            "perl" : "5.008"
         }
      },
      "test" : {
         "requires" : {
            "Test::More" : "0"
         }
      }
   },
   "release_status" : "stable",
   "resources" : {
      "repository" : {
         "url" : "http://github.com/gisle/encode-locale"
      }
   },
   "version" : "1.05",
   "x_serialization_backend" : "JSON::PP version 4.06"
}
