{"name":"ExtUtils::Helpers","version":"0.026","target":"ExtUtils::Helpers","pathname":"L/LE/LEONT/ExtUtils-Helpers-0.026.tar.gz","dist":"ExtUtils-Helpers-0.026","provides":{"ExtUtils::Helpers":{"file":"lib/ExtUtils/Helpers.pm","version":"0.026"},"ExtUtils::Helpers::Unix":{"version":"0.026","file":"lib/ExtUtils/Helpers/Unix.pm"},"ExtUtils::Helpers::Windows":{"version":"0.026","file":"lib/ExtUtils/Helpers/Windows.pm"},"ExtUtils::Helpers::VMS":{"version":"0.026","file":"lib/ExtUtils/Helpers/VMS.pm"}}}