{
   "abstract" : "Various portability utilities for module builders",
   "author" : [
      "Ken Williams <kwilliams@cpan.org>",
      "Leon Timmermans <leont@cpan.org>"
   ],
   "dynamic_config" : 0,
   "generated_by" : "Dist::Zilla version 6.005, CPAN::Meta::Converter version 2.150005, CPAN::Meta::Converter version 2.150010",
   "license" : [
      "perl_5"
   ],
   "meta-spec" : {
      "url" : "http://search.cpan.org/perldoc?CPAN::Meta::Spec",
      "version" : 2
   },
   "name" : "ExtUtils-Helpers",
   "prereqs" : {
      "build" : {
         "requires" : {
            "ExtUtils::MakeMaker" : "0"
         }
      },
      "configure" : {
         "requires" : {
            "ExtUtils::MakeMaker" : "0"
         }
      },
      "develop" : {
         "requires" : {
            "File::Spec" : "0",
            "IO::Handle" : "0",
            "IPC::Open3" : "0",
            "Pod::Coverage::TrustPod" : "0",
            "Test::More" : "0",
            "Test::Pod" : "1.41",
            "Test::Pod::Coverage" : "1.08",
            "blib" : "1.01",
            "perl" : "5.006"
         }
      },
      "runtime" : {
         "requires" : {
            "Carp" : "0",
            "Exporter" : "5.57",
            "File::Basename" : "0",
            "File::Copy" : "0",
            "File::Spec::Functions" : "0",
            "Text::ParseWords" : "3.24",
            "perl" : "5.006",
            "strict" : "0",
            "warnings" : "0"
         }
      },
      "test" : {
         "requires" : {
            "Cwd" : "0",
            "Test::More" : "0",
            "lib" : "0"
         }
      }
   },
   "provides" : {
      "ExtUtils::Helpers" : {
         "file" : "lib/ExtUtils/Helpers.pm",
         "version" : "0.026"
      },
      "ExtUtils::Helpers::Unix" : {
         "file" : "lib/ExtUtils/Helpers/Unix.pm",
         "version" : "0.026"
      },
      "ExtUtils::Helpers::VMS" : {
         "file" : "lib/ExtUtils/Helpers/VMS.pm",
         "version" : "0.026"
      },
      "ExtUtils::Helpers::Windows" : {
         "file" : "lib/ExtUtils/Helpers/Windows.pm",
         "version" : "0.026"
      }
   },
   "release_status" : "stable",
   "resources" : {
      "bugtracker" : {
         "mailto" : "bug-extutils-helpers at rt.cpan.org",
         "web" : "http://rt.cpan.org/Public/Dist/Display.html?Name=ExtUtils-Helpers"
      },
      "repository" : {
         "type" : "git",
         "url" : "git://github.com/Leont/extutils-helpers.git",
         "web" : "https://github.com/Leont/extutils-helpers"
      }
   },
   "version" : "0.026",
   "x_contributors" : [
      "Christian Walde <walde.christian@googlemail.com>",
      "Craig A. Berry <craigberry@mac.com>",
      "Leon Timmermans <fawaka@gmail.com>",
      "Olivier Mengué <dolmen@cpan.org>"
   ],
   "x_serialization_backend" : "JSON::PP version 4.06"
}
