{
   "abstract" : "choose a variant to serve",
   "author" : [
      "Gisle Aas <gisle@activestate.com>"
   ],
   "dynamic_config" : 0,
   "generated_by" : "ExtUtils::MakeMaker version 6.57_05, CPAN::Meta::Converter version 2.150010",
   "license" : [
      "perl_5"
   ],
   "meta-spec" : {
      "url" : "http://search.cpan.org/perldoc?CPAN::Meta::Spec",
      "version" : 2
   },
   "name" : "HTTP-Negotiate",
   "no_index" : {
      "directory" : [
         "t",
         "inc"
      ]
   },
   "prereqs" : {
      "build" : {
         "requires" : {
            "ExtUtils::MakeMaker" : "0"
         }
      },
      "configure" : {
         "requires" : {
            "ExtUtils::MakeMaker" : "0"
         }
      },
      "runtime" : {
         "requires" : {
            "HTTP::Headers" : "6",
            "perl" : "5.008001"
         }
      }
   },
   "release_status" : "stable",
   "resources" : {
      "repository" : {
         "url" : "http://github.com/gisle/http-negotiate"
      },
      "x_MailingList" : "mailto:libwww@perl.org"
   },
   "version" : "6.01",
   "x_serialization_backend" : "JSON::PP version 4.06"
}
