{
   "abstract" : "a set of version requirements for a CPAN dist",
   "author" : [
      "David Golden <dagolden@cpan.org>",
      "Ricardo Signes <rjbs@cpan.org>"
   ],
   "dynamic_config" : 0,
   "generated_by" : "Dist::Zilla version 6.030, CPAN::Meta::Converter version 2.150010",
   "license" : [
      "perl_5"
   ],
   "meta-spec" : {
      "url" : "http://search.cpan.org/perldoc?CPAN::Meta::Spec",
      "version" : 2
   },
   "name" : "CPAN-Meta-Requirements",
   "no_index" : {
      "directory" : [
         "corpus",
         "examples",
         "t",
         "xt"
      ],
      "package" : [
         "DB"
      ]
   },
   "prereqs" : {
      "build" : {
         "requires" : {
            "ExtUtils::MakeMaker" : "0"
         }
      },
      "configure" : {
         "requires" : {
            "ExtUtils::MakeMaker" : "6.17"
         }
      },
      "develop" : {
         "requires" : {
            "Dist::Zilla" : "5",
            "Dist::Zilla::Plugin::Authority" : "0",
            "Dist::Zilla::Plugin::AutoPrereqs" : "0",
            "Dist::Zilla::Plugin::BumpVersionAfterRelease" : "0",
            "Dist::Zilla::Plugin::CPANFile" : "0",
            "Dist::Zilla::Plugin::CheckChangesHasContent" : "0",
            "Dist::Zilla::Plugin::CheckMetaResources" : "0",
            "Dist::Zilla::Plugin::CheckPrereqsIndexed" : "0",
            "Dist::Zilla::Plugin::ConfirmRelease" : "0",
            "Dist::Zilla::Plugin::CopyFilesFromBuild::Filtered" : "0",
            "Dist::Zilla::Plugin::ExecDir" : "0",
            "Dist::Zilla::Plugin::Git::Check" : "0",
            "Dist::Zilla::Plugin::Git::CheckFor::CorrectBranch" : "0",
            "Dist::Zilla::Plugin::Git::Commit" : "0",
            "Dist::Zilla::Plugin::Git::Contributors" : "0",
            "Dist::Zilla::Plugin::Git::GatherDir" : "0",
            "Dist::Zilla::Plugin::Git::Push" : "0",
            "Dist::Zilla::Plugin::Git::Tag" : "0",
            "Dist::Zilla::Plugin::GithubMeta" : "0",
            "Dist::Zilla::Plugin::InsertCopyright" : "0",
            "Dist::Zilla::Plugin::License" : "0",
            "Dist::Zilla::Plugin::MakeMaker" : "0",
            "Dist::Zilla::Plugin::MakeMaker::Highlander" : "0.003",
            "Dist::Zilla::Plugin::Manifest" : "0",
            "Dist::Zilla::Plugin::ManifestSkip" : "0",
            "Dist::Zilla::Plugin::MetaJSON" : "0",
            "Dist::Zilla::Plugin::MetaNoIndex" : "0",
            "Dist::Zilla::Plugin::MetaProvides::Package" : "0",
            "Dist::Zilla::Plugin::MetaTests" : "0",
            "Dist::Zilla::Plugin::MetaYAML" : "0",
            "Dist::Zilla::Plugin::MinimumPerl" : "0",
            "Dist::Zilla::Plugin::NextRelease" : "0",
            "Dist::Zilla::Plugin::OnlyCorePrereqs" : "0.014",
            "Dist::Zilla::Plugin::Pod2Readme" : "0",
            "Dist::Zilla::Plugin::PodCoverageTests" : "0",
            "Dist::Zilla::Plugin::PodSyntaxTests" : "0",
            "Dist::Zilla::Plugin::Prereqs" : "0",
            "Dist::Zilla::Plugin::Prereqs::AuthorDeps" : "0",
            "Dist::Zilla::Plugin::PromptIfStale" : "0",
            "Dist::Zilla::Plugin::PruneCruft" : "0",
            "Dist::Zilla::Plugin::RewriteVersion" : "0",
            "Dist::Zilla::Plugin::RunExtraTests" : "0",
            "Dist::Zilla::Plugin::ShareDir" : "0",
            "Dist::Zilla::Plugin::SurgicalPodWeaver" : "0",
            "Dist::Zilla::Plugin::Test::Compile" : "0",
            "Dist::Zilla::Plugin::Test::MinimumVersion" : "0",
            "Dist::Zilla::Plugin::Test::Perl::Critic" : "0",
            "Dist::Zilla::Plugin::Test::PodSpelling" : "0",
            "Dist::Zilla::Plugin::Test::Portability" : "0",
            "Dist::Zilla::Plugin::Test::ReportPrereqs" : "0",
            "Dist::Zilla::Plugin::Test::Version" : "0",
            "Dist::Zilla::Plugin::TestRelease" : "0",
            "Dist::Zilla::Plugin::UploadToCPAN" : "0",
            "File::Spec" : "0",
            "File::Temp" : "0",
            "IO::Handle" : "0",
            "IPC::Open3" : "0",
            "Pod::Coverage::TrustPod" : "0",
            "Pod::Weaver::PluginBundle::DAGOLDEN" : "0",
            "Pod::Wordlist" : "0",
            "Software::License::Perl_5" : "0",
            "Test::CPAN::Meta" : "0",
            "Test::MinimumVersion" : "0",
            "Test::More" : "0",
            "Test::Perl::Critic" : "0",
            "Test::Pod" : "1.41",
            "Test::Pod::Coverage" : "1.08",
            "Test::Portability::Files" : "0",
            "Test::Spelling" : "0.12",
            "Test::Version" : "1"
         }
      },
      "runtime" : {
         "requires" : {
            "B" : "0",
            "Carp" : "0",
            "perl" : "5.010000",
            "strict" : "0",
            "version" : "0.88",
            "warnings" : "0"
         }
      },
      "test" : {
         "recommends" : {
            "CPAN::Meta" : "2.120900"
         },
         "requires" : {
            "ExtUtils::MakeMaker" : "0",
            "File::Spec" : "0",
            "Test::More" : "0.88",
            "version" : "0.88"
         }
      }
   },
   "provides" : {
      "CPAN::Meta::Requirements" : {
         "file" : "lib/CPAN/Meta/Requirements.pm",
         "version" : "2.143"
      },
      "CPAN::Meta::Requirements::Range" : {
         "file" : "lib/CPAN/Meta/Requirements/Range.pm",
         "version" : "2.143"
      }
   },
   "release_status" : "stable",
   "resources" : {
      "bugtracker" : {
         "web" : "https://github.com/Perl-Toolchain-Gang/CPAN-Meta-Requirements/issues"
      },
      "homepage" : "https://github.com/Perl-Toolchain-Gang/CPAN-Meta-Requirements",
      "repository" : {
         "type" : "git",
         "url" : "https://github.com/Perl-Toolchain-Gang/CPAN-Meta-Requirements.git",
         "web" : "https://github.com/Perl-Toolchain-Gang/CPAN-Meta-Requirements"
      }
   },
   "version" : "2.143",
   "x_authority" : "cpan:DAGOLDEN",
   "x_contributors" : [
      "Ed J <mohawk2@users.noreply.github.com>",
      "Graham Knop <haarg@haarg.org>",
      "Karen Etheridge <ether@cpan.org>",
      "Leon Timmermans <fawaka@gmail.com>",
      "Paul Howarth <paul@city-fan.org>",
      "Ricardo Signes <rjbs@semiotic.systems>",
      "robario <webmaster@robario.com>",
      "Tatsuhiko Miyagawa <miyagawa@bulknews.net>",
      "Tatsuhiko Miyagawa <miyagawa@gmail.com>"
   ],
   "x_generated_by_perl" : "v5.37.10",
   "x_serialization_backend" : "JSON::PP version 4.06",
   "x_spdx_expression" : "Artistic-1.0-Perl OR GPL-1.0-or-later"
}
