{"provides":{"HTTP::Status":{"file":"lib/HTTP/Status.pm","version":"6.45"},"HTTP::Headers::Util":{"file":"lib/HTTP/Headers/Util.pm","version":"6.45"},"HTTP::Headers":{"version":"6.45","file":"lib/HTTP/Headers.pm"},"HTTP::Headers::ETag":{"file":"lib/HTTP/Headers/ETag.pm","version":"6.45"},"HTTP::Headers::Auth":{"version":"6.45","file":"lib/HTTP/Headers/Auth.pm"},"HTTP::Response":{"file":"lib/HTTP/Response.pm","version":"6.45"},"HTTP::Message":{"version":"6.45","file":"lib/HTTP/Message.pm"},"HTTP::Request":{"file":"lib/HTTP/Request.pm","version":"6.45"},"HTTP::Request::Common":{"version":"6.45","file":"lib/HTTP/Request/Common.pm"},"HTTP::Config":{"file":"lib/HTTP/Config.pm","version":"6.45"}},"pathname":"O/OA/OALDERS/HTTP-Message-6.45.tar.gz","target":"HTTP::Response","dist":"HTTP-Message-6.45","version":"6.45","name":"HTTP::Message"}