{"target":"LWP::UserAgent","pathname":"O/OA/OALDERS/libwww-perl-6.77.tar.gz","dist":"libwww-perl-6.77","provides":{"LWP":{"file":"lib/LWP.pm","version":"6.77"},"LWP::DebugFile":{"version":"6.77","file":"lib/LWP/DebugFile.pm"},"LWP::Protocol::loopback":{"file":"lib/LWP/Protocol/loopback.pm","version":"6.77"},"LWP::Authen::Basic":{"file":"lib/LWP/Authen/Basic.pm","version":"6.77"},"LWP::Protocol::gopher":{"file":"lib/LWP/Protocol/gopher.pm","version":"6.77"},"LWP::Protocol::nntp":{"version":"6.77","file":"lib/LWP/Protocol/nntp.pm"},"LWP::Protocol::http":{"file":"lib/LWP/Protocol/http.pm","version":"6.77"},"LWP::Protocol::nogo":{"file":"lib/LWP/Protocol/nogo.pm","version":"6.77"},"LWP::Protocol::ftp":{"file":"lib/LWP/Protocol/ftp.pm","version":"6.77"},"LWP::Debug":{"version":"6.77","x_deprecated":1,"file":"lib/LWP/Debug.pm"},"LWP::Protocol::data":{"version":"6.77","file":"lib/LWP/Protocol/data.pm"},"LWP::Authen::Digest":{"file":"lib/LWP/Authen/Digest.pm","version":"6.77"},"LWP::UserAgent":{"version":"6.77","file":"lib/LWP/UserAgent.pm"},"LWP::RobotUA":{"file":"lib/LWP/RobotUA.pm","version":"6.77"},"LWP::MemberMixin":{"version":"6.77","file":"lib/LWP/MemberMixin.pm"},"LWP::Simple":{"file":"lib/LWP/Simple.pm","version":"6.77"},"LWP::Protocol::cpan":{"version":"6.77","file":"lib/LWP/Protocol/cpan.pm"},"LWP::Authen::Ntlm":{"file":"lib/LWP/Authen/Ntlm.pm","version":"6.77"},"LWP::Protocol":{"file":"lib/LWP/Protocol.pm","version":"6.77"},"LWP::ConnCache":{"version":"6.77","file":"lib/LWP/ConnCache.pm"},"LWP::Protocol::file":{"file":"lib/LWP/Protocol/file.pm","version":"6.77"},"LWP::Protocol::mailto":{"version":"6.77","file":"lib/LWP/Protocol/mailto.pm"},"LWP::Debug::TraceHTTP":{"file":"lib/LWP/Debug/TraceHTTP.pm","version":"6.77"}},"name":"LWP","version":"6.77"}